Pclass,Sex,Survived
1,female,0.9680851063829787
1,male,0.36885245901639346
2,female,0.9210526315789473
2,male,0.1574074074074074
3,female,0.5
3,male,0.13544668587896252
